Названия товара,Старая цена,Новая цена,Ссылка
1985 Essential T-shirt van Supima-katoen,not old price,"49,90 €",https://be.tommy.com//1985-essential-t-shirt-van-supima-katoen-mw0mw24557ybr
Set van 2 slim fit T-shirts met ronde hals,not old price,"49,90 €",https://be.tommy.com//set-van-2-slim-fit-t-shirts-met-ronde-hals-dm0dm124660xu
Biologisch katoenen longsleeve,"59,90 €","41,00 €",https://be.tommy.com//biologisch-katoenen-longsleeve-mw0mw22131ybr
Icons relaxed fit T-shirt,"69,90 €","48,00 €",https://be.tommy.com//icons-relaxed-fit-t-shirt-mw0mw22130dw5
Biologisch katoenen longsleeve,"59,90 €","41,00 €",https://be.tommy.com//biologisch-katoenen-longsleeve-dm0dm12412ybr
Signature katoenen T-shirt met logoprint,"49,90 €","34,00 €",https://be.tommy.com//signature-katoenen-t-shirt-met-logoprint-mw0mw22168ybi
Longsleeve met logo,"49,90 €","34,00 €",https://be.tommy.com//longsleeve-met-logo-dm0dm12279bds
Signature katoenen T-shirt met logoprint,"49,90 €","34,00 €",https://be.tommy.com//signature-katoenen-t-shirt-met-logoprint-mw0mw22168dy4
Icons longsleeve met opstaande hals,"79,90 €","55,00 €",https://be.tommy.com//icons-longsleeve-met-opstaande-hals-mw0mw22495ybr
Icons relaxed fit T-shirt,"69,90 €","48,00 €",https://be.tommy.com//icons-relaxed-fit-t-shirt-mw0mw22130ybi
Biologisch katoenen longsleeve,"59,90 €","41,00 €",https://be.tommy.com//biologisch-katoenen-longsleeve-mw0mw22131dw5
T-shirt met Tommy Hilfiger-logo,not old price,"49,90 €",https://be.tommy.com//t-shirt-met-tommy-hilfiger-logo-mw0mw11465bas
1985 Essential T-shirt van Supima-katoen,not old price,"49,90 €",https://be.tommy.com//1985-essential-t-shirt-van-supima-katoen-mw0mw24557dw5
T-shirt met camouflageprint en logo,not old price,"59,90 €",https://be.tommy.com//t-shirt-met-camouflageprint-en-logo-mw0mw245450k4
1985 Essential T-shirt van Supima-katoen,not old price,"49,90 €",https://be.tommy.com//1985-essential-t-shirt-van-supima-katoen-mw0mw24557p01
Longsleeve met Henley-hals,not old price,"89,90 €",https://be.tommy.com//longsleeve-met-henley-hals-mw0mw24551dw5
Longsleeve met Henley-hals,not old price,"89,90 €",https://be.tommy.com//longsleeve-met-henley-hals-mw0mw24551p01
Icons T-shirt met embleem,not old price,"69,90 €",https://be.tommy.com//icons-t-shirt-met-embleem-mw0mw25064dw5
Icons T-shirt met geborduurd logo,not old price,"69,90 €",https://be.tommy.com//icons-t-shirt-met-geborduurd-logo-mw0mw24555dw5
T-shirt met logoprint,not old price,"49,90 €",https://be.tommy.com//t-shirt-met-logoprint-mw0mw11797dy5
Longsleeve met logo,not old price,"59,90 €",https://be.tommy.com//longsleeve-met-logo-mw0mw09096ybr
T-shirt met grafische logotape,not old price,"39,90 €",https://be.tommy.com//t-shirt-met-grafische-logotape-mw0mw24549dw5
Icons T-shirt met embleem,not old price,"69,90 €",https://be.tommy.com//icons-t-shirt-met-embleem-mw0mw25064ybr
T-shirt met ton-sur-ton embleem en logo,not old price,"130,00 €",https://be.tommy.com//t-shirt-met-ton-sur-ton-embleem-en-logo-mw0mw23848ab9
Icons T-shirt met embleem,not old price,"69,90 €",https://be.tommy.com//icons-t-shirt-met-embleem-mw0mw25064rbn
Set van 2 gestreepte T-shirts,not old price,"49,90 €",https://be.tommy.com//set-van-2-gestreepte-t-shirts-dm0dm131350xx
Longsleeve met logo en print,not old price,"54,90 €",https://be.tommy.com//longsleeve-met-logo-en-print-dm0dm12854ybr
Set van 3 Premium Essential T-shirts,not old price,"44,90 €",https://be.tommy.com//set-van-3-premium-essential-t-shirts-2s879051870tj
Original jersey T-shirt met logo,not old price,"34,90 €",https://be.tommy.com//original-jersey-t-shirt-met-logo-um0um01434c47
T-shirt met grafische logotape,not old price,"39,90 €",https://be.tommy.com//t-shirt-met-grafische-logotape-mw0mw24549ybr
TH Cool T-shirt met geborduurd logo,not old price,"49,90 €",https://be.tommy.com//th-cool-t-shirt-met-geborduurd-logo-mw0mw24571lzv
T-shirt met geborduurd multicolourlogo,not old price,"59,90 €",https://be.tommy.com//t-shirt-met-geborduurd-multicolourlogo-mw0mw25615af4
T-shirt met geborduurd multicolourlogo,not old price,"59,90 €",https://be.tommy.com//t-shirt-met-geborduurd-multicolourlogo-mw0mw25615ctv
T-shirt van micro-badstof,not old price,"59,90 €",https://be.tommy.com//t-shirt-van-micro-badstof-mw0mw25668tk2
T-shirt met geborduurd multicolourlogo,not old price,"59,90 €",https://be.tommy.com//t-shirt-met-geborduurd-multicolourlogo-mw0mw25615tk2
T-shirt met bloemenlogo,not old price,"44,90 €",https://be.tommy.com//t-shirt-met-bloemenlogo-mw0mw24569c5f
T-shirt met bloemenlogo,not old price,"44,90 €",https://be.tommy.com//t-shirt-met-bloemenlogo-mw0mw24569ybr
Sport Temperature Comfort T-shirt,not old price,"54,90 €",https://be.tommy.com//sport-temperature-comfort-t-shirt-mw0mw22697ybr
Sport Temperature Comfort T-shirt,not old price,"54,90 €",https://be.tommy.com//sport-temperature-comfort-t-shirt-mw0mw22697p91
TH Cool T-shirt met geborduurd logo,not old price,"49,90 €",https://be.tommy.com//th-cool-t-shirt-met-geborduurd-logo-mw0mw24571ybr
T-shirt met signature-tape,not old price,"39,90 €",https://be.tommy.com//t-shirt-met-signature-tape-mw0mw24558dw5
Original colour-blocked T-shirt met logo,not old price,"34,90 €",https://be.tommy.com//original-colour-blocked-t-shirt-met-logo-um0um01170xmv
Signature T-shirt met split-logo,"39,90 €","27,00 €",https://be.tommy.com//signature-t-shirt-met-split-logo-mw0mw22128p01
Plus T-shirt met logo,not old price,"39,90 €",https://be.tommy.com//plus-t-shirt-met-logo-mw0mw25190dw5
TH Cool T-shirt met geborduurd logo,not old price,"49,90 €",https://be.tommy.com//th-cool-t-shirt-met-geborduurd-logo-mw0mw24571dy5
T-shirt met camouflageprint en logo,not old price,"59,90 €",https://be.tommy.com//t-shirt-met-camouflageprint-en-logo-mw0mw245450gy
T-shirt met geborduurd logo,not old price,"39,90 €",https://be.tommy.com//t-shirt-met-geborduurd-logo-um0um02132p4a
T-shirt met pigment-dye en logo,not old price,"39,90 €",https://be.tommy.com//t-shirt-met-pigment-dye-en-logo-dm0dm12852th9
